,Title,Price
0,"Cetaphil Paraben, Sulphate-Free Gentle Skin Hydrating Face Wash Cleanser with Niacinamide, Vitamin B5 for Dry to Normal, Sensitive Skin - 125 ml",₹348
1,Simple Kind To Skin Refreshing Facial Wash 150 ml | 100% Soap-Free Facewash that doesn't dry out your skin| For All Skin Types,₹280
2,The Derma Co Sali-Cinamide Anti-Acne Face Wash with 2% Salicylic Acid & 2% Niacinamide - 80 ml | Clears Acne & Marks | Removes Excess Oil,₹206
3,"DOT & KEY Barrier Repair + Hydrating Gentle Face Wash With Probiotic | Ceremide Face Wash | For Dry Skin,Normal Skin & Sensitive Skin | Gently Cleanses Skin From Dirt & Oil For Unisex,100Ml",₹213
4,"Minimalist Anti-Acne Salicylic Acid 2% Face Wash For Oily & Acne Prone Skin | With LHA for Pore Cleansing, Oil Control & Sebum Regulation | Cleanser for Women & Men | 100 ml",₹281
5,"Plum Green Tea Pore Cleansing Face Wash for Oily, Acne Prone, Dry & Combination Skin | with Glycolic Acid | Fight Pimples & Control Excess Oil | Gentle Exfoliating & Non-Drying | Women & Men | 50ml",₹128
6,"Mamaearth Vitamin C Face Wash for Women & Men 250ml- Toxin-Free & Oil-Free Face Wash for Acne-Prone, Dry & Oily Skin - Illuminates Skin",₹249
7,Mamaearth Rice Dewy Bright Face Wash With Rice Water & Niacinamide for Glass Skin | For Hydrated & Even skin Tone | Glowing & Brightening | Korean skin Care Product | For All skin Types | For Men & Women | 100 ml,₹199
8,"Garnier Skin Naturals, Facewash, Cleansing and Brightening, Bright Complete, 100 g",₹142
9,"DERMATOUCH Bright & Even Tone Face Wash with Niacinamide, Vitamin E and Kojic Acid | Daily Gentle Face Cleanser For Tan, Pigmentation, Uneven Tone, Dark Spot Removal - 70G",₹219
10,"Muuchstac Ocean Face Wash for Men | Fight Acne & Pimples, Brighten Skin, Clears Dirt, Oil Control, Refreshing Feel - Multi-Action Formula (2x100 ml)",₹220
11,"Ponds Bright Beauty Anti-Dullness & Brightening Facewash with Niacinamide | For Glass-Skin Like Shine and with 4X Visibly Brighter Skin, 200gm",₹210
12,DOT & KEY Vitamin C + E Super Bright Gel Face Wash For Glowing And Brightening Skin | All Skin Types|With Triple Vitamin C| Face Wash For Women & Men|100 Ml,₹214
13,"Korean Glow Essence Face Wash for Oily & Acne-Prone Skin | 2% Salicylic Acid | Encapsulated | Omega 3,6,7,9 | Unclogs Pores, Controls Oil, Fights Acne, Soothes Redness 200ml",₹179
14,Himalaya Purifying Neem Face Wash|Clears and Prevents Pimples & Acne|Made with 5 parts of Neem|New & Best Ever clinically Proven formula|Gently Cleanses|For men and women|400 ml,₹335
15,"The Face Shop Rice Water Bright Foaming Face Wash 100ml | Face Wash for Glowing Skin | Cleanser for Uneven Skin Tone | Korean Skin Care, For Oily skin",₹548
16,"The Derma Co 1% Kojic Acid Face Wash | With Niacinamide & Alpha Arbutin | Reduces Dark Spots, Pigmentation & Blemishes | Cleanses & Brightens Skin | Non-Drying Formula | For All Skin Types | 100 ml",₹257
17,"Himalaya Oil Clear Lemon Face Wash, 200ml",₹199
18,"Ethiglo Deep Cleansing Facial Foam Face Wash for Healthy, Soft and Smooth Skin | Removes Dirt, Impurities and Excess Oil | Suitable for All Skin Types | Pack of 1 (70ml)",₹221
19,"Plum 2% Niacinamide Simply Bright Face Wash With Rice Water 100 ml | Brightens Skin, Helps Fade Blemishes | Softens & Smoothens Skin | Gentle & Non-Drying | Women & Men | 100% Vegan",₹269
20,"Himalaya Tan Removal Orange Face Wash, 100ml",₹103
21,Biotique Papaya Deep Cleanse Face Wash | Gentle Exfoliation | Visibly Glowing Skin | 100% Botanical Extracts| Suitable for All Skin Types | 200ml,₹208
22,"Clean & Clear Foaming Facewash for Oily Skin, Brown, 240ml",₹245
23,Be Bodywise 2% Salicylic Acid Face Wash for Acne Prone skin | For Oily & Sensitive skin | Deep Cleanses your Skin & Prevents Acne | Developed by Dermatologists | 100ml,₹199
24,"L'Oreal Paris Glycolic Bright Daily Foaming Face Cleanser, 100ml | Glycolic Acid Face Wash for Dull Skin | Daily Glowing Facial Cleanser | Suitable for All Skin Types",₹197
25,"Everyuth Naturals Brightening Lemon & Cherry Face Wash|Deep Cleansing, Oil Control & Tan Reduction|Simple Face Wash|Removes Dirt & Oil|100% Soapfree| For All Skin Types|Paraben Free - 150 g",₹112
26,"Garnier Skin Naturals Bright Complete Vitamin C Face Wash - Vitamin C Face Wash For Brighter and Glowing Skin - Daily Cleanser Suitable For all Skin Types, 100g (Pack of 2)",₹262.80
27,"Dot & Key CICA Face Wash for Acne Prone Skin, 2% Salicylic Acid with Green Tea | For Oily & Sensitive Skin | Sulphate Free for Men & Women | Oil Control Face Wash with Zinc | 100ml",₹213
28,"Garnier Men, Anti-Pimple Face Wash, Repairs Skin & Balances Oils, AcnoFight, 100 g",₹185
29,"Ghar Soaps Magic De-Tan Face wash With Sandalwood,Saffron & Glutathione 100ml | Tan Removal, Brightening and Glowing Skin I For All Skin Type I For Men & Women",₹301
30,Minimalist Gentle Face Wash With 6% Oat Extract & Hyaluronic Acid For Sensitive Skin (Dry to Normal) | Sulphate Free | Non-Drying | Fragrance Free | Gentle Cleanser (120 ML),₹284
31,"Ahaglow Advanced Face Wash Gel, Daily Gentle Cleansing Formula For Normal And Oily Skin, 100 G",₹452
32,Foxtale Vitamin C Super Glow Face Wash with Papaya enzyme | Reduces Tan | Boosts Glow | Gently Exfoliates & Brightens Skin | Reduces Pigmentation | Face Wash for Men & Women- 100ml,₹214
33,Mamaearth Ubtan Natural Glow Face Wash with Turmeric & Saffron | For Tan Removal & Skin brightening | SLS & Paraben Free | For All Skin Type | For Men & Women | 100 ml,₹184
34,"CeraVe Hydrating Cleanser For Normal To Dry Skin (236ml) - Non-Foaming Face Wash with Hyaluronic Acid And Ceramides | Non-Comedogenic, Non-Irritating And Fragrance-Free Cleanser",₹584
35,"Lakme Blush & Glow Exfoliating Face Wash with Vitamin C Serum, Hydrating and Gentle Facewash with Strawberry Fruit Extracts, 100gm",₹190
36,"Everyuth Naturals Anti Acne,Anti Marks Tulsi Turmeric Face Wash|Gentle Exfoliation & Blemish Control|Paraben free|For Oily,Dry,Normal,Combination & Sensitive Skin|100% Soap Free - 150 g (Pack of 2)",₹202
37,"Ponds Bright Miracle Detox Facewash | 10X Power of Activated Charcoal| For Deep Cleaned Skin | Reveals Glow, Pollution Clear Face Wash, 200gm",₹253
38,Dot & Key Watermelon Cooling Gel Face Wash With Vitamin C & Cucumber | Face Wash For Glowing Skin|Oil Free |Removes Excess Oil & Dirt | For Combination & Oily Skin| For Women & Men|100Ml,₹214
39,DERMATOUCH Salicylic Acid 2% Face Wash | For Acne & Oil Control | Suitable to All Skin Types | For both Men & Women | 100ML,₹259
40,"NIVEA MEN Dark Spot Reduction Face Wash 100 g | With Ginko and Ginseng Extracts for Clean, Healthy & Clear Skin in Summer | 10 X Vitamin C Effect for Radiant Skin |For Dark Spot Reduction",₹142
41,Mamaearth Ubtan Natural Glow Face Wash with Turmeric & Saffron for Tan Removal – 200 ml | Removes Tan | Brightens Skin | Exclusively Available on Amazon,₹275
42,Neutrogena Deep Clean Gentle Facial Cleanser | 2x Glycerin & Cleansing Agent | Alcohol-Free | Dermatologist Tested | Normal to Oily Skin | For Men and Women | 200ml,₹446
43,"Glutafine Face Wash, 200gm - Pack of 1",₹650
44,The Derma Co 1% Salicylic Acid Gel Face Wash with Salicylic Acid & Witch Hazel for Active Acne - 100 ml,₹257
45,Himalaya Purifying Neem Face Wash|Clears and Prevents Pimples & Acne|Made with 5 parts of Neem|New & Best Ever clinically Proven formula|Gently Cleanses|For men and women|150 ml,₹159
46,"Pilgrim 1% Salicylic Acid Gel Face Wash 100 ml | Gel Face Wash with CICA & Tea Tree For Men & Women, for Oily skin, Acne Prone Skin, Non Drying Cleanser for Face",₹199
47,"Chemist At Play Gentle Exfoliating Face Wash | Instant Glow | Exfoliates for Bright, Smooth Skin | Oily, Dry & Combination Skin | For Men & Women 100ml",₹249
